{
    "relevance": [
        0.0,
        0.20000000298023224,
        0.824999988079071,
        1.0,
        0.925000011920929,
        1.0,
        0.949999988079071,
        0.9750000238418579,
        0.949999988079071,
        0.949999988079071,
        0.800000011920929,
        0.3499999940395355,
        0.30000001192092896,
        0.6000000238418579,
        0.625,
        0.2750000059604645,
        0.25,
        0.800000011920929,
        0.8500000238418579,
        0.875,
        0.8500000238418579,
        0.824999988079071,
        0.8500000238418579,
        0.800000011920929,
        0.800000011920929,
        0.800000011920929,
        0.7750000357627869,
        0.699999988079071,
        0.7750000357627869,
        0.75,
        0.675000011920929,
        0.6500000357627869
    ],
    "superiority": [
        0.0,
        0.574999988079071,
        0.6000000238418579,
        0.6500000357627869,
        0.699999988079071,
        0.574999988079071,
        0.625,
        0.7250000238418579,
        0.800000011920929,
        0.699999988079071,
        0.45000001788139343,
        0.4749999940395355,
        0.375,
        0.550000011920929,
        0.4749999940395355,
        0.5,
        0.45000001788139343,
        0.625,
        0.6500000357627869,
        0.6000000238418579,
        0.574999988079071,
        0.6000000238418579,
        0.550000011920929,
        0.574999988079071,
        0.550000011920929,
        0.574999988079071,
        0.5250000357627869,
        0.5,
        0.5,
        0.45000001788139343,
        0.5,
        0.5
    ],
    "clothing": [
        0.0,
        0.32500001788139343,
        0.824999988079071,
        0.574999988079071,
        0.6000000238418579,
        0.45000001788139343,
        0.699999988079071,
        0.75,
        0.75,
        0.8500000238418579,
        0.7750000357627869,
        0.7750000357627869,
        0.675000011920929,
        0.7750000357627869,
        0.824999988079071,
        0.9000000357627869,
        0.875,
        0.875,
        0.9000000357627869,
        0.10000000149011612,
        0.10000000149011612,
        0.10000000149011612,
        0.125,
        0.17499999701976776,
        0.17499999701976776,
        0.17499999701976776,
        0.17499999701976776,
        0.20000000298023224,
        0.25,
        0.25,
        0.2750000059604645,
        0.2750000059604645
    ]
}